"Mês","Ano","Ilha","Habitantes","Consumidores","Fuelóleo","Gasóleo","Hídrica","Geotérmica","Eólica","Fotovoltaica","Resíduos","Outras Renováveis","Total"
"2","2024","Santa Maria","5489","4062","0","1532851","0","0","131144","62407","0","0","1726402"
"2","2024","São Miguel","135745","67391","19425951","7620","1650342","14059018","1571332","48727","0","83588","36846578"
"2","2024","Terceira","53552","28883","10933236","1622","394996","537685","2452541","9711","1271577","0","15601368"
"2","2024","Graciosa","4112","3380","0","275281","0","0","778265","58695","0","0","1112241"
"2","2024","São Jorge","8465","6145","0","2062412","0","0","206653","4459","0","0","2273524"
"2","2024","Pico","14221","10387","3469852","0","0","0","456945","971","0","0","3927768"
"2","2024","Faial","14423","8487","3376638","3485","0","0","476852","5731","0","0","3862706"
"2","2024","Flores","3503","2569","0","359575","536705","0","114","229","0","0","896623"
"2","2024","Corvo","432","292","0","134912","0","0","0","5233","0","0","140145"
"1","2024","Santa Maria","5489","4059","0","1671692","0","0","137679","49845","0","0","1859216"
"1","2024","São Miguel","135745","67372","21938318","6193","2253383","14867106","947175","29254","0","97265","40138694"
"1","2024","Terceira","53552","28860","11661452","2001","358112","563089","3042542","6597","1331615","0","16965408"
"1","2024","Graciosa","4112","3383","0","305330","0","0","862181","46236","0","0","1213747"
"1","2024","São Jorge","8465","6140","0","2461305","0","0","113475","3300","0","0","2578080"
"1","2024","Pico","14221","10373","3928842","1592","0","0","362845","692","0","0","4293971"
"1","2024","Faial","14423","8479","3853723","0","0","0","437577","3629","0","0","4294929"
"1","2024","Flores","3503","2566","0","318789","664251","0","0","146","0","0","983186"
"1","2024","Corvo","432","292","0","148881","0","0","0","4430","0","0","153311"
"12","2023","Santa Maria","5612","4064","0","1659404","0","0","145412","48569","0","0","1853385"
"12","2023","São Miguel","137133","67377","20311939","6373","2231057","15069892","1335443","27619","0","74287","39056610"
"12","2023","Terceira","54874","28876","11220109","2978","448087","899131","2802660","5389","1360537","0","16738891"
"12","2023","Graciosa","4179","3381","0","412398","0","0","742366","43273","0","0","1198037"
"12","2023","São Jorge","8228","6145","0","2362448","0","0","93170","2940","0","0","2458558"
"12","2023","Pico","13635","10387","3899608","352","0","0","318972","520","0","0","4219452"
"12","2023","Faial","14443","8483","3743993","124","0","0","461716","2391","0","0","4208224"
"12","2023","Flores","3627","2570","0","310289","646781","0","9211","136","0","0","966417"
"12","2023","Corvo","470","294","0","142703","0","0","0","4379","0","0","147082"
"11","2023","Santa Maria","5612","4057","0","1572964","0","0","173028","53262","0","0","1799254"
"11","2023","São Miguel","137133","67313","20165019","5039","2061414","13363207","1633452","30772","0","102618","37361521"
"11","2023","Terceira","54874","28862","10224722","6407","300775","613981","3561360","6760","1271450","0","15985455"
"11","2023","Graciosa","4179","3382","0","321601","0","0","770773","39888","0","0","1132262"
"11","2023","São Jorge","8228","6140","0","2222226","0","0","142977","2380","0","0","2367583"
"11","2023","Pico","13635","10370","3618896","268","0","0","386534","648","0","0","4006346"
"11","2023","Faial","14443","8470","3477531","11366","0","0","471812","2315","0","0","3963024"
"11","2023","Flores","3627","2566","0","321710","581630","0","17990","116","0","0","921446"
"11","2023","Corvo","470","292","0","138345","0","0","0","3472","0","0","141817"
"10","2023","Santa Maria","5612","4060","0","1642530","0","0","194615","67578","0","0","1904723"
"10","2023","São Miguel","137133","67242","21591678","4547","1982457","14202798","1783999","39254","0","114511","39719244"
"10","2023","Terceira","54874","28851","10843095","2778","123208","1591148","3468508","10730","479512","0","16518979"
"10","2023","Graciosa","4179","3376","0","294368","0","0","778825","66885","0","0","1140078"
"10","2023","São Jorge","8228","6140","0","2304581","0","0","160265","3965","0","0","2468811"
"10","2023","Pico","13635","10351","3586214","0","0","0","436858","1105","0","0","4024177"
"10","2023","Faial","14443","8456","3504156","0","0","0","481697","5272","0","0","3991125"
"10","2023","Flores","3627","2564","0","369748","541209","0","20297","208","0","0","931462"
"10","2023","Corvo","470","290","0","142484","0","0","0","5701","0","0","148185"
"9","2023","Santa Maria","5612","4059","0","1703550","0","0","109506","99396","0","0","1912452"
"9","2023","São Miguel","137133","67191","24626662","3583","1289349","12580241","1188135","60841","0","114030","39862841"
"9","2023","Terceira","54874","28858","11876932","1682","0","1538859","2344089","15112","863239","0","16639913"
"9","2023","Graciosa","4179","3376","0","566924","0","0","514370","95078","0","0","1176372"
"9","2023","São Jorge","8228","6137","0","2415350","0","0","101833","5938","0","0","2523121"
"9","2023","Pico","13635","10351","3855745","1584","0","0","312712","1357","0","0","4171398"
"9","2023","Faial","14443","8455","3807546","0","0","0","319437","6722","0","0","4133705"
"9","2023","Flores","3627","2562","0","607926","341875","0","6541","257","0","0","956599"
"9","2023","Corvo","470","290","0","138208","0","0","0","7180","0","0","145388"
"8","2023","Santa Maria","5612","4062","0","1959055","0","0","76332","109524","0","0","2144911"
"8","2023","São Miguel","137133","67202","27826337","40","1342720","12577477","589471","65568","0","144541","42546154"
"8","2023","Terceira","54874","28840","13674578","811","0","1324122","1613175","20915","1309852","0","17943453"
"8","2023","Graciosa","4179","3382","0","691146","0","0","502971","119839","0","0","1313956"
"8","2023","São Jorge","8228","6128","0","2589834","0","0","113971","6822","0","0","2710627"
"8","2023","Pico","13635","10356","4432076","5024","0","0","217313","1438","0","0","4655851"
"8","2023","Faial","14443","8447","4239936","0","0","0","317440","8422","0","0","4565798"
"8","2023","Flores","3627","2559","0","840521","183904","0","21207","300","0","0","1045932"
"8","2023","Corvo","470","290","0","143317","0","0","0","10539","0","0","153856"
"7","2023","Santa Maria","5612","4056","0","1811483","0","0","44804","109544","0","0","1965831"
"7","2023","São Miguel","137133","67080","26604531","3886","1423777","11730160","771243","75959","0","107317","40716873"
"7","2023","Terceira","54874","28794","13030593","10569","0","1467623","1239774","26092","1369750","0","17144401"
"7","2023","Graciosa","4179","3374","0","763355","0","0","334007","117025","0","0","1214387"
"7","2023","São Jorge","8228","6128","0","2552772","0","0","82919","7020","0","0","2642711"
"7","2023","Pico","13635","10319","4168926","948","0","0","152946","1297","0","0","4324117"
"7","2023","Faial","14443","8446","4013643","0","0","0","240156","10842","0","0","4264641"
"7","2023","Flores","3627","2559","0","838479","155377","0","19339","75","0","0","1013270"
"7","2023","Corvo","470","288","0","140396","0","0","0","8959","0","0","149355"
"6","2023","Santa Maria","5612","4052","0","1566116","0","0","127636","95201","0","0","1788953"
"6","2023","São Miguel","137133","67601","21884697","7194","1214994","14041825","979110","59274","0","91788","38278882"
"6","2023","Terceira","54874","28753","10098754","1107","46666","1661926","2814451","23151","1318253","0","15964308"
"6","2023","Graciosa","4179","3367","0","454296","0","0","551160","106863","0","0","1112319"
"6","2023","São Jorge","8228","6118","0","2239886","0","0","158070","6593","0","0","2404549"
"6","2023","Pico","13635","10295","3508736","0","0","0","351821","1271","0","0","3861828"
"6","2023","Faial","14443","8440","3384409","9759","0","0","487646","7307","0","0","3889121"
"6","2023","Flores","3627","2562","0","506802","329160","0","71267","0","0","0","907229"
"6","2023","Corvo","470","288","0","129039","0","0","0","8116","0","0","137155"
"5","2023","Santa Maria","5612","4042","0","1600710","0","0","137717","91595","0","0","1830022"
"5","2023","São Miguel","137133","67031","19495248","4460","2541153","14718813","1168426","52074","0","104553","38084727"
"5","2023","Terceira","54874","28652","10003047","7189","16984","1641440","2998966","19608","1342642","0","16029876"
"5","2023","Graciosa","4179","3363","0","432403","0","0","576229","99937","0","0","1108569"
"5","2023","São Jorge","8228","6113","0","2158621","0","0","207717","5750","0","0","2372088"
"5","2023","Pico","13635","10264","3448501","0","0","0","393300","1059","0","0","3842860"
"5","2023","Faial","14443","8434","3533464","610","23601","0","361510","8514","0","0","3927699"
"5","2023","Flores","3627","2562","0","458937","381668","0","77117","0","0","0","917722"
"5","2023","Corvo","470","288","0","127294","0","0","0","9653","0","0","136947"
"4","2023","Santa Maria","5612","4041","0","1444072","0","0","167213","95934","0","0","1707219"
"4","2023","São Miguel","137133","66932","17177125","6995","2397063","14461337","1613385","50926","0","110595","35817426"
"4","2023","Terceira","54874","28629","9211110","34029","150623","1576606","4102052","20307","275951","0","15370678"
"4","2023","Graciosa","4179","3365","0","296425","0","0","653840","97355","0","0","1047620"
"4","2023","São Jorge","8228","6109","0","1958613","0","0","216207","6317","0","0","2181137"
"4","2023","Pico","13635","10248","2949854","3192","0","0","725562","881","0","0","3679489"
"4","2023","Faial","14443","8427","3093474","0","16159","0","577961","7282","0","0","3694876"
"4","2023","Flores","3627","2561","0","314404","483749","0","93176","0","0","0","891329"
"4","2023","Corvo","470","288","0","120694","0","0","0","9378","0","0","130072"
"3","2023","Santa Maria","5612","4039","0","1450296","0","0","266730","83846","0","0","1800872"
"3","2023","São Miguel","137133","66833","18659194","5530","2675029","14923677","1982430","37706","0","127512","38411078"
"3","2023","Terceira","54874","28605","9103191","18081","308194","1682636","4088473","13020","1207811","0","16421406"
"3","2023","Graciosa","4179","3366","0","128369","0","0","945108","70809","0","0","1144286"
"3","2023","São Jorge","8228","6105","0","2044203","0","0","305400","3913","0","0","2353516"
"3","2023","Pico","13635","10231","3284444","1216","0","0","660944","553","0","0","3947157"
"3","2023","Faial","14443","8419","3334890","0","74278","0","613318","4773","0","0","4027259"
"3","2023","Flores","3627","2559","0","212542","648381","0","50615","82","0","0","911620"
"3","2023","Corvo","470","287","0","138210","0","0","0","7083","0","0","145293"
"2","2023","Santa Maria","5612","4036","0","1463941","0","0","142231","67690","0","0","1673862"
"2","2023","São Miguel","137133","66756","17368881","10061","2195446","13738407","1201010","30585","0","149592","34693982"
"2","2023","Terceira","54874","28587","9472794","52299","58101","1555951","2508373","9908","1259664","0","14917090"
"2","2023","Graciosa","4179","3364","0","421372","0","0","567497","72153","0","0","1061022"
"2","2023","São Jorge","8228","6101","0","1851497","0","0","280836","4240","0","0","2136573"
"2","2023","Pico","13635","10230","3120587","1296","0","0","463769","453","0","0","3586105"
"2","2023","Faial","14443","8414","3121425","421","15967","0","473101","4405","0","0","3615319"
"2","2023","Flores","3627","2558","0","300773","478520","0","83795","212","0","0","863300"
"2","2023","Corvo","470","287","0","121671","0","0","0","5982","0","0","127653"
"1","2023","Santa Maria","5612","4032","0","1623433","0","0","202418","54476","0","0","1880327"
"1","2023","São Miguel","137133","66679","19286255","6182","2483624","15149300","1700934","22589","0","150215","38799099"
"1","2023","Terceira","54874","28568","10838442","29414","86917","1663977","2933486","7182","1351539","0","16910957"
"1","2023","Graciosa","4179","3362","0","356741","0","0","747449","64378","0","0","1168568"
"1","2023","São Jorge","8228","6097","0","2153573","0","0","294500","2663","0","0","2450736"
"1","2023","Pico","13635","10227","3434957","216","0","0","628475","363","0","0","4064011"
"1","2023","Faial","14443","8408","3532504","500","3075","0","563342","3760","0","0","4103181"
"1","2023","Flores","3627","2556","0","370682","538180","0","63600","222","0","0","972684"
"1","2023","Corvo","470","287","0","136095","0","0","0","4951","0","0","141046"
"12","2022","Santa Maria","5612","4034","0","1481249","0","0","364585","49440","0","0","1895274"
"12","2022","São Miguel","137133","66704","21936649","3215","2444714","12048202","2158945","18777","0","80857","38691359"
"12","2022","Terceira","54874","28536","10245029","13908","0","1958434","3688579","5153","949649","0","16860752"
"12","2022","Graciosa","4179","3361","0","142050","0","0","975936","34350","0","0","1152336"
"12","2022","São Jorge","8228","6106","0","2189876","0","0","268906","2360","0","0","2461142"
"12","2022","Pico","13635","10231","3480621","251","0","0","558932","220","0","0","4040024"
"12","2022","Faial","14443","8414","3449161","3950","37350","0","627525","1469","0","0","4119455"
"12","2022","Flores","3627","2560","0","281927","630837","0","55436","109","0","0","968309"
"12","2022","Corvo","470","289","0","134742","0","0","0","3847","0","0","138589"
"11","2022","Santa Maria","5612","4035","0","1612664","0","0","162857","55519","0","0","1831040"
"11","2022","São Miguel","137133","66657","20977157","10050","2087925","12336608","1524237","18854","0","104287","37059118"
"11","2022","Terceira","54874","28526","11254787","12546","0","1916309","2724267","17568","0","0","15925477"
"11","2022","Graciosa","4179","3365","0","236046","0","0","802411","48412","0","0","1086869"
"11","2022","São Jorge","8228","6103","0","2144246","0","0","238749","2492","0","0","2385487"
"11","2022","Pico","13635","10222","3323666","4048","0","0","461879","210","0","0","3789803"
"11","2022","Faial","14443","8402","3342445","2263","27604","0","473557","1472","0","0","3847341"
"11","2022","Flores","3627","2553","0","294325","542923","0","90411","162","0","0","927821"
"11","2022","Corvo","470","286","0","132676","0","0","0","3967","0","0","136643"
"10","2022","Santa Maria","5612","4028","0","1677308","0","0","115194","81506","0","0","1874008"
"10","2022","São Miguel","137133","66571","20814138","5545","1863658","13488599","1875007","34607","0","68849","38150403"
"10","2022","Terceira","54874","28474","11006816","93615","0","1427964","2802931","8592","929839","0","16269757"
"10","2022","Graciosa","4179","3366","0","398082","0","0","659805","69181","0","0","1127068"
"10","2022","São Jorge","8228","6103","0","2278916","0","0","219378","4095","0","0","2502389"
"10","2022","Pico","13635","10218","3470589","116","0","0","496905","439","0","0","3968049"
"10","2022","Faial","14443","8395","3446233","12213","12300","0","500718","2657","0","0","3974121"
"10","2022","Flores","3627","2553","0","478795","393746","0","79895","259","0","0","952695"
"10","2022","Corvo","470","285","0","132771","0","0","0","3543","0","0","136314"
"9","2022","Santa Maria","5612","4027","0","1834995","0","0","83163","92402","0","0","2010560"
"9","2022","São Miguel","137133","66467","24066721","7223","1990990","12902674","1131514","39353","0","28905","40167380"
"9","2022","Terceira","54874","28453","11867233","145577","0","1642555","2382334","10186","921645","0","16969530"
"9","2022","Graciosa","4179","3345","0","593478","0","0","492716","99064","0","0","1185258"
"9","2022","São Jorge","8228","6095","0","2415984","0","0","190272","3977","0","0","2610233"
"9","2022","Pico","13635","10215","3788771","0","0","0","483783","448","0","0","4273002"
"9","2022","Faial","14443","8393","3827414","504","2744","0","407100","2974","0","0","4240736"
"9","2022","Flores","3627","2551","0","610177","319000","0","62862","243","0","0","992282"
"9","2022","Corvo","470","285","0","134633","0","0","0","4068","0","0","138701"
"8","2022","Santa Maria","5612","4021","0","1974442","0","0","43424","105995","0","0","2123861"
"8","2022","São Miguel","137133","66403","23181135","3622","2207553","14675325","743937","47364","0","23706","40882642"
"8","2022","Terceira","54874","28443","13188387","327982","173992","1781689","847476","10492","1322952","0","17652970"
"8","2022","Graciosa","4179","3342","0","963967","0","0","238554","118776","0","0","1321297"
"8","2022","São Jorge","8228","6093","0","2645394","0","0","80374","4847","0","0","2730615"
"8","2022","Pico","13635","10209","4419043","384","0","0","111404","500","0","0","4531331"
"8","2022","Faial","14443","8385","4379083","0","0","0","169967","3791","0","0","4552841"
"8","2022","Flores","3627","2549","0","825924","197115","0","35476","299","0","0","1058814"
"8","2022","Corvo","470","285","0","143752","0","0","0","3884","0","0","147636"
"7","2022","Santa Maria","5612","4018","0","1791945","0","0","86544","114341","0","0","1992830"
"7","2022","São Miguel","137133","66326","22822437","5330","2300156","13177035","1390251","53877","0","42376","39791462"
"7","2022","Terceira","54874","28403","13002899","513710","10067","1396199","1541726","12517","682027","0","17159145"
"7","2022","Graciosa","4179","3342","0","784864","0","0","302574","119191","0","0","1206629"
"7","2022","São Jorge","8228","6090","0","2501181","0","0","133784","4131","0","0","2639096"
"7","2022","Pico","13635","10194","4173830","0","0","0","149770","580","0","0","4324180"
"7","2022","Faial","14443","8393","4183208","240","1238","0","216628","4003","0","0","4405317"
"7","2022","Flores","3627","2545","0","792103","191850","0","40011","326","0","0","1024290"
"7","2022","Corvo","470","286","0","138393","0","0","0","4870","0","0","143263"
"6","2022","Santa Maria","5612","4011","0","1556666","0","0","86694","109525","0","0","1752885"
"6","2022","São Miguel","137133","66235","20677366","3951","2349140","12371699","1171682","43511","0","50366","36667715"
"6","2022","Terceira","54874","28352","9822926","63946","168994","1597021","2432909","9893","1344873","0","15440562"
"6","2022","Graciosa","4179","3344","0","391420","0","0","600527","96949","0","0","1088896"
"6","2022","São Jorge","8228","6079","0","2209748","0","0","178689","3958","0","0","2392395"
"6","2022","Pico","13635","10173","3442501","0","0","0","342601","475","0","0","3785577"
"6","2022","Faial","14443","8384","3330795","6509","1782","0","483076","1634","0","0","3823796"
"6","2022","Flores","3627","2538","0","490673","395481","0","48895","233","0","0","935282"
"6","2022","Corvo","470","286","0","132261","0","0","0","4396","0","0","136657"
"5","2022","Santa Maria","5612","4013","0","1459058","0","0","81477","97556","0","0","1638091"
"5","2022","São Miguel","137133","66177","19491476","5775","2384666","14069987","992737","44870","0","64992","37054503"
"5","2022","Terceira","54874","28347","11628450","19019","273453","1528709","2066445","12371","407191","0","15935638"
"5","2022","Graciosa","4179","3344","0","460026","0","0","518792","105281","0","0","1084099"
"5","2022","São Jorge","8228","6078","0","2220725","0","0","170928","5240","0","0","2396893"
"5","2022","Pico","13635","10152","3542753","0","0","0","292607","514","0","0","3835874"
"5","2022","Faial","14443","8363","3283456","325","22476","0","503698","1614","0","0","3811569"
"5","2022","Flores","3627","2526","0","443435","486774","0","36043","289","0","0","966541"
"5","2022","Corvo","470","285","0","131952","0","0","0","3905","0","0","135857"
"4","2022","Santa Maria","5612","4012","0","1294833","0","0","219584","97714","0","0","1612131"
"4","2022","São Miguel","137133","66155","16386713","5872","2446562","15057894","1587546","43976","0","49906","35578469"
"4","2022","Terceira","54874","28342","9506387","3207","243901","1649187","3095352","9849","849074","0","15356957"
"4","2022","Graciosa","4179","3343","0","243717","0","0","732151","87911","0","0","1063779"
"4","2022","São Jorge","8228","6082","0","1915065","0","0","301337","5161","0","0","2221563"
"4","2022","Pico","13635","10144","3247577","252","0","0","482346","455","0","0","3730630"
"4","2022","Faial","14443","8364","3112568","56","42001","0","622785","1317","0","0","3778727"
"4","2022","Flores","3627","2524","0","328853","544026","0","39500","316","0","0","912695"
"4","2022","Corvo","470","285","0","130095","0","0","0","1464","0","0","131559"
"3","2022","Santa Maria","5612","4006","0","1326379","0","0","294150","91826","0","0","1712355"
"3","2022","São Miguel","137133","66076","17706513","9164","2534693","15285798","1798380","30575","0","52688","37417811"
"3","2022","Terceira","54874","28317","10755304","11118","175103","1469550","2989982","7860","984231","0","16393148"
"3","2022","Graciosa","4179","3346","0","312679","0","0","750071","75726","0","0","1138476"
"3","2022","São Jorge","8228","6078","0","2107505","0","0","262533","3939","0","0","2373977"
"3","2022","Pico","13635","10141","3397709","0","0","0","535438","385","0","0","3933532"
"3","2022","Faial","14443","8354","3365386","2376","50924","0","590961","615","0","0","4010262"
"3","2022","Flores","3627","2521","0","251036","619268","0","91719","275","0","0","962298"
"3","2022","Corvo","470","284","0","139436","0","0","0","1215","0","0","140651"
"2","2022","Santa Maria","5612","3989","0","1361900","0","0","155737","62631","0","0","1580268"
"2","2022","São Miguel","137133","66003","17307609","7731","2320466","13471776","841215","21560","0","55929","34026286"
"2","2022","Terceira","54874","28268","10266678","50701","302071","1511951","1909696","4738","879189","0","14925024"
"2","2022","Graciosa","4179","3340","0","468147","0","0","500925","70386","0","0","1039458"
"2","2022","São Jorge","8228","6064","0","2005565","0","0","186197","3440","0","0","2195202"
"2","2022","Pico","13635","10128","3251316","392","0","0","360797","375","0","0","3612880"
"2","2022","Faial","14443","8347","3294040","2312","7842","0","299411","395","0","0","3604000"
"2","2022","Flores","3627","2515","0","499533","306945","0","58730","213","0","0","865421"
"2","2022","Corvo","470","285","0","123477","0","0","0","1065","0","0","124542"
"1","2022","Santa Maria","5612","3988","0","1556820","0","0","156065","47386","0","0","1760271"
"1","2022","São Miguel","137133","65998","28826956","6384","2657377","4510788","1421319","22002","0","60386","37505212"
"1","2022","Terceira","54874","28243","11046271","27592","360367","1665390","2774135","3993","841670","0","16719418"
"1","2022","Graciosa","4179","3342","0","504007","0","0","610323","54734","0","0","1169064"
"1","2022","São Jorge","8228","6055","0","2222083","0","0","240491","3066","0","0","2465640"
"1","2022","Pico","13635","10121","3562763","96","0","0","477600","384","0","0","4040843"
"1","2022","Faial","14443","8341","3659660","0","0","0","415062","182","0","0","4074904"
"1","2022","Flores","3627","2519","0","475441","448729","0","45570","188","0","0","969928"
"1","2022","Corvo","470","283","0","141399","0","0","0","970","0","0","142369"
"12","2021","Santa Maria","5612","3997","0","1388014","0","0","363531","50582","0","0","1802127"
"12","2021","São Miguel","137133","66086","29578084","5721","2462917","4177819","1613686","15677","0","54592","37908496"
"12","2021","Terceira","54874","28355","9966831","17168","272056","2045062","3058843","2997","1212901","0","16575858"
"12","2021","Graciosa","4179","3341","0","414526","0","0","711939","42873","0","0","1169338"
"12","2021","São Jorge","8228","6065","0","2107438","0","0","336976","1636","0","0","2446050"
"12","2021","Pico","13635","10124","3531006","504","0","0","541935","244","0","0","4073689"
"12","2021","Faial","14443","8370","3489967","3775","31612","0","609233","45","0","0","4134632"
"12","2021","Flores","3627","2533","0","318884","563397","0","79876","147","0","0","962304"
"12","2021","Corvo","470","286","0","138263","0","0","0","346","0","0","138609"
"11","2021","Santa Maria","5612","3963","0","1288908","0","0","336283","59071","0","0","1684262"
"11","2021","São Miguel","137133","66024","28513740","4322","2308880","3748506","2054822","16267","0","58520","36705057"
"11","2021","Terceira","54874","28323","9855512","12697","412836","2111024","3305484","2762","294606","0","15994921"
"11","2021","Graciosa","4179","3327","0","312256","0","0","756364","40732","0","0","1109352"
"11","2021","São Jorge","8228","6061","0","1984810","0","0","366284","2169","0","0","2353263"
"11","2021","Pico","13635","10122","3312050","1168","0","0","603749","244","0","0","3917211"
"11","2021","Faial","14443","8369","3175449","5922","9765","0","711028","142","0","0","3902306"
"11","2021","Flores","3627","2525","0","250456","657995","0","50219","212","0","0","958882"
"11","2021","Corvo","470","285","0","142612","0","0","0","0","0","0","142612"
"10","2021","Santa Maria","5612","3954","0","1522168","0","0","224202","69436","0","0","1815806"
"10","2021","São Miguel","137133","65894","31859872","12786","2357980","3731818","1213031","20278","0","47279","39243044"
"10","2021","Terceira","54874","28280","11055617","47858","60979","2002911","2354724","4837","1098332","0","16625258"
"10","2021","Graciosa","4179","3326","0","496575","0","0","550883","86050","0","0","1133508"
"10","2021","São Jorge","8228","6058","0","2191490","0","0","272877","3085","0","0","2467452"
"10","2021","Pico","13635","10100","3740255","516","0","0","401508","400","0","0","4142679"
"10","2021","Faial","14443","8371","3634730","2170","0","0","430956","182","0","0","4068038"
"10","2021","Flores","3627","2524","0","444627","453947","0","77506","296","0","0","976376"
"10","2021","Corvo","470","285","0","135606","0","0","0","0","0","0","135606"
"9","2021","Santa Maria","5612","3950","0","1599822","0","0","120652","90113","0","0","1810587"
"9","2021","São Miguel","137133","65809","29858274","4336","2017800","5427971","1198727","27242","0","59775","38594125"
"9","2021","Terceira","54874","28246","10893790","3818","0","2151172","1927279","6653","1212722","0","16195434"
"9","2021","Graciosa","4179","3327","0","512511","0","0","530266","95343","0","0","1138120"
"9","2021","São Jorge","8228","6054","0","2274403","0","0","213584","3696","0","0","2491683"
"9","2021","Pico","13635","10097","3886554","56","0","0","355344","496","0","0","4242450"
"9","2021","Faial","14443","8365","3589535","1963","0","0","483170","0","0","0","4074668"
"9","2021","Flores","3627","2525","0","592554","323971","0","66314","259","0","0","983098"
"9","2021","Corvo","470","285","0","139839","0","0","0","0","0","0","139839"
"8","2021","Santa Maria","5612","3945","0","1621757","0","0","179051","115585","0","0","1916393"
"8","2021","São Miguel","137133","65773","22106952","2329","2107905","14673105","1345345","33163","0","59617","40328416"
"8","2021","Terceira","54874","28224","11635031","7365","0","2161305","2440703","6197","1013117","0","17263718"
"8","2021","Graciosa","4179","3321","0","573523","0","0","531041","124565","0","0","1229129"
"8","2021","São Jorge","8228","6048","0","2413223","0","0","267170","3874","0","0","2684267"
"8","2021","Pico","13635","10094","4221126","0","0","0","414662","531","0","0","4636319"
"8","2021","Faial","14443","8360","3844424","0","0","0","640530","89","0","0","4485043"
"8","2021","Flores","3627","2522","0","722330","251276","0","82203","279","0","0","1056088"
"8","2021","Corvo","470","285","0","147764","0","0","0","0","0","0","147764"
"7","2021","Santa Maria","5612","3938","0","1482072","0","0","200089","112294","0","0","1794455"
"7","2021","São Miguel","137133","65712","19772357","8123","2293249","14975591","1467200","34896","0","52365","38603781"
"7","2021","Terceira","54874","28201","10956438","18951","2140","2151142","2099608","6968","1366281","0","16601528"
"7","2021","Graciosa","4179","3317","0","442874","0","0","613233","116372","0","0","1172479"
"7","2021","São Jorge","8228","6043","0","2326834","0","0","226569","4908","0","0","2558311"
"7","2021","Pico","13635","10079","3918329","44","0","0","268937","569","0","0","4187879"
"7","2021","Faial","14443","8350","3737036","682","0","0","466400","0","0","0","4204118"
"7","2021","Flores","3627","2523","0","523203","410717","0","90383","331","0","0","1024634"
"7","2021","Corvo","470","283","0","142020","0","0","0","0","0","0","142020"
"6","2021","Santa Maria","5612","3927","0","1451333","0","0","147618","26999","0","0","1625950"
"6","2021","São Miguel","137133","65545","18742076","10517","2122908","13903479","786318","30953","0","51468","35647719"
"6","2021","Terceira","54874","28171","10376973","7942","15517","1904167","1690631","8208","1301531","0","15304969"
"6","2021","Graciosa","4179","3312","0","597559","0","0","356428","124776","0","0","1078763"
"6","2021","São Jorge","8228","6035","0","2200804","0","0","109794","6321","0","0","2316919"
"6","2021","Pico","13635","10068","3436498","640","0","0","351831","517","0","0","3789486"
"6","2021","Faial","14443","8338","3522335","0","0","0","265764","0","0","0","3788099"
"6","2021","Flores","3627","2518","0","527240","317289","0","82889","446","0","0","927864"
"6","2021","Corvo","470","283","0","133625","0","0","0","0","0","0","133625"
"5","2021","Santa Maria","5612","3939","0","1495540","0","0","109345","1184","0","0","1606069"
"5","2021","São Miguel","137133","65497","16608514","14333","2303818","15330518","914379","32939","0","49398","35253899"
"5","2021","Terceira","54874","28114","9247304","14005","131201","2573416","2455376","7716","1065775","0","15494793"
"5","2021","Graciosa","4179","3309","0","354904","0","0","625427","115074","0","0","1095405"
"5","2021","São Jorge","8228","6024","0","1974648","0","0","289230","4894","0","0","2268772"
"5","2021","Pico","13635","10049","3288608","0","0","0","463658","483","0","0","3752749"
"5","2021","Faial","14443","8338","3211371","3950","20472","0","566273","0","0","0","3802066"
"5","2021","Flores","3627","2510","0","361464","465915","0","100527","584","0","0","928490"
"5","2021","Corvo","470","283","0","136312","0","0","0","0","0","0","136312"
"4","2021","Santa Maria","5616","3938","0","1306684","0","0","267481","917","0","0","1575082"
"4","2021","São Miguel","137307","65459","16663775","6923","2088812","14185189","1274877","29397","0","50386","34299359"
"4","2021","Terceira","55124","28101","8776666","18643","251935","2197496","2959525","11136","906666","0","15122067"
"4","2021","Graciosa","4208","3309","0","304623","0","0","684305","83628","0","0","1072556"
"4","2021","São Jorge","8277","6014","0","1976182","0","0","273804","4311","0","0","2254297"
"4","2021","Pico","13651","10044","3110855","0","0","0","602588","433","0","0","3713876"
"4","2021","Faial","14521","8327","3071069","625","24187","0","610081","0","0","0","3705962"
"4","2021","Flores","3628","2509","0","260777","587828","0","74736","350","0","0","923691"
"4","2021","Corvo","464","283","0","132212","0","0","0","0","0","0","132212"
"3","2021","Santa Maria","5616","3932","0","1481690","0","0","161423","921","0","0","1644034"
"3","2021","São Miguel","137307","65384","17616182","7897","2158804","14849199","1568921","34164","0","62143","36297310"
"3","2021","Terceira","55124","28066","9753109","34661","171063","2397734","2241054","5835","1275423","0","15878879"
"3","2021","Graciosa","4208","3306","0","373411","0","0","691163","92366","0","0","1156940"
"3","2021","São Jorge","8277","6006","0","2067060","0","0","307825","4352","0","0","2379237"
"3","2021","Pico","13651","10029","3342167","428","0","0","551132","415","0","0","3894142"
"3","2021","Faial","14521","8319","3270433","4311","20856","0","544700","0","0","0","3840300"
"3","2021","Flores","3628","2508","0","283518","649308","0","43032","242","0","0","976100"
"3","2021","Corvo","464","283","0","144722","0","0","0","0","0","0","144722"
"2","2021","Santa Maria","5616","3931","0","1169418","0","0","402769","770","0","0","1572957"
"2","2021","São Miguel","137307","65277","15697256","3767","1983067","13315334","2215858","18656","0","54460","33288398"
"2","2021","Terceira","55124","28017","7954581","21040","399771","2252822","3499334","3212","1009219","0","15139979"
"2","2021","Graciosa","4208","3304","0","139435","0","0","900900","45102","0","0","1085437"
"2","2021","São Jorge","8277","5997","0","1824496","0","0","411718","2034","0","0","2238248"
"2","2021","Pico","13651","10020","2991787","0","0","0","704599","301","0","0","3696687"
"2","2021","Faial","14521","8312","3006278","1225","0","0","707152","0","0","0","3714655"
"2","2021","Flores","3628","2507","0","192416","651568","0","56294","8","0","0","900286"
"2","2021","Corvo","464","283","0","137516","0","0","0","0","0","0","137516"
"1","2021","Santa Maria","5616","3931","0","1358044","0","0","450144","644","0","0","1808832"
"1","2021","São Miguel","137307","65200","17967695","6457","2189329","14518783","2328651","10841","0","52987","37074743"
"1","2021","Terceira","55124","27999","8393710","15070","519178","1968675","4602051","2033","1365100","0","16865817"
"1","2021","Graciosa","4208","3300","0","234350","0","0","938854","39965","0","0","1213169"
"1","2021","São Jorge","8277","5990","0","2031792","0","0","477661","1397","0","0","2510850"
"1","2021","Pico","13651","10004","3185765","332","0","0","937098","207","0","0","4123402"
"1","2021","Faial","14521","8301","3268714","1433","0","0","869726","0","0","0","4139873"
"1","2021","Flores","3628","2504","0","181516","725949","0","80021","337","0","0","987823"
"1","2021","Corvo","464","283","0","147995","0","0","0","0","0","0","147995"
"12","2020","Santa Maria","5616","3932","0","1449267","0","0","306481","438","0","0","1756186"
"12","2020","São Miguel","137307","65209","17458826","2026","2160802","15817693","1721591","12486","0","56590","37230014"
"12","2020","Terceira","55124","27976","8265628","36326","18888","2381556","4262575","2266","1462908","0","16430147"
"12","2020","Graciosa","4208","3300","0","184824","0","0","954154","36866","0","0","1175844"
"12","2020","São Jorge","8277","5984","0","2018729","0","0","420286","1359","0","0","2440374"
"12","2020","Pico","13651","10002","3152930","144","0","0","863545","267","0","0","4016886"
"12","2020","Faial","14521","8306","3239530","2200","0","0","789980","0","0","0","4031710"
"12","2020","Flores","3628","2508","0","395417","438649","0","131094","144","0","0","965304"
"12","2020","Corvo","464","283","0","145474","0","0","0","0","0","0","145474"
"11","2020","Santa Maria","5616","3912","0","1364596","0","0","287566","674","0","0","1652836"
"11","2020","São Miguel","137307","65044","16719811","11442","1754845","14375572","2062891","19275","0","59988","35003824"
"11","2020","Terceira","55124","27931","8420397","12718","66134","2436524","3092824","3265","1399392","0","15431254"
"11","2020","Graciosa","4208","3281","0","370885","0","0","667432","50468","0","0","1088785"
"11","2020","São Jorge","8277","5955","0","1980260","0","0","283775","1809","0","0","2265844"
"11","2020","Pico","13651","9977","3213731","380","0","0","579081","348","0","0","3793540"
"11","2020","Faial","14521","8289","3030923","2625","0","0","677385","0","0","0","3710933"
"11","2020","Flores","3628","2491","0","532541","324084","0","60053","234","0","0","916912"
"11","2020","Corvo","464","283","0","138936","0","0","0","0","0","0","138936"
"10","2020","Santa Maria","5616","3878","0","1543923","0","0","192610","798","0","0","1737331"
"10","2020","São Miguel","137307","64947","17869567","7591","1913507","15283292","1561723","21207","0","50376","36707263"
"10","2020","Terceira","55124","27904","10412404","23285","0","2502755","2619482","5351","475727","0","16039004"
"10","2020","Graciosa","4208","3278","0","449284","0","0","617371","70891","0","0","1137546"
"10","2020","São Jorge","8277","5917","0","2106496","0","0","282974","2639","0","0","2392109"
"10","2020","Pico","13651","9967","3469746","20","0","0","494266","412","0","0","3964444"
"10","2020","Faial","14521","8274","3166781","750","0","0","657377","0","0","0","3824908"
"10","2020","Flores","3628","2488","0","527549","366671","0","60779","446","0","0","955445"
"10","2020","Corvo","464","283","0","142074","0","0","0","0","0","0","142074"
"9","2020","Santa Maria","5652","3908","0","1569090","0","0","180346","880","0","0","1750316"
"9","2020","São Miguel","138213","64862","21413835","5512","1802233","11352159","1524391","27258","0","52472","36177860"
"9","2020","Terceira","56141","27856","10025828","91761","0","1742456","2173056","7144","1344502","0","15384747"
"9","2020","Graciosa","4339","3276","0","454420","0","0","563898","90048","0","0","1108366"
"9","2020","São Jorge","8556","5915","0","2156539","0","0","222497","4154","0","0","2383190"
"9","2020","Pico","13883","9955","3425759","0","0","0","389765","503","0","0","3816027"
"9","2020","Faial","14824","8260","3231299","0","0","0","568091","0","0","0","3799390"
"9","2020","Flores","3699","2485","0","504613","355006","0","65269","406","0","0","925294"
"9","2020","Corvo","459","284","0","139949","0","0","0","0","0","0","139949"
"8","2020","Santa Maria","5652","3901","0","1792970","0","0","104760","720","0","0","1898450"
"8","2020","São Miguel","138213","64816","20787472","11821","1901865","14684575","622291","32771","0","51191","38091986"
"8","2020","Terceira","56141","27843","11578396","7126","0","1813144","1772892","7633","1298592","0","16477783"
"8","2020","Graciosa","4339","3277","0","659443","0","0","413421","117150","0","0","1190014"
"8","2020","São Jorge","8556","5911","0","2360450","0","0","180909","5463","0","0","2546822"
"8","2020","Pico","13883","9952","3709715","0","0","0","350788","530","0","0","4061033"
"8","2020","Faial","14824","8254","3745181","7650","0","0","376476","0","0","0","4129307"
"8","2020","Flores","3699","2483","0","636426","303561","0","47929","198","0","0","988114"
"8","2020","Corvo","459","283","0","144241","0","0","0","0","0","0","144241"
"7","2020","Santa Maria","5652","3893","0","1684828","0","0","68513","1533","0","0","1754874"
"7","2020","São Miguel","138213","64769","18778859","12279","1937360","15160927","193101","32879","0","76629","36192034"
"7","2020","Terceira","56141","27829","11834376","30338","0","1720343","1155702","7315","1190575","0","15938649"
"7","2020","Graciosa","4339","3277","0","834293","0","0","209969","114207","0","0","1158469"
"7","2020","São Jorge","8556","5907","0","2327864","0","0","105033","7537","0","0","2440434"
"7","2020","Pico","13883","9948","3616225","336","0","0","155856","529","0","0","3772946"
"7","2020","Faial","14824","8247","3684672","575","0","0","214051","0","0","0","3899298"
"7","2020","Flores","3699","2480","0","711281","192296","0","48773","896","0","0","953246"
"7","2020","Corvo","459","282","0","137441","0","0","0","0","0","0","137441"
"6","2020","Santa Maria","5652","3887","0","1375480","0","0","189938","1582","0","0","1567000"
"6","2020","São Miguel","138213","64637","20984236","11362","1832310","8620131","1203409","32829","0","56255","32740532"
"6","2020","Terceira","56141","27788","9411164","19327","5934","1742184","2159459","8310","993056","0","14339434"
"6","2020","Graciosa","4339","3276","0","392298","0","0","582890","100531","0","0","1075719"
"6","2020","São Jorge","8556","5899","0","1936306","0","0","208261","6728","0","0","2151295"
"6","2020","Pico","13883","9929","2972413","272","0","0","384982","528","0","0","3358195"
"6","2020","Faial","14824","8234","2961721","0","0","0","437050","0","0","0","3398771"
"6","2020","Flores","3699","2470","0","459104","318153","0","58951","827","0","0","837035"
"6","2020","Corvo","459","282","0","131614","0","0","0","0","0","0","131614"
"5","2020","Santa Maria","5652","3890","0","1315651","0","0","312387","1736","0","0","1629774"
"5","2020","São Miguel","138213","64581","16332793","3524","1812093","12825985","1318398","39008","0","55528","32387329"
"5","2020","Terceira","56141","27779","9426417","16820","130356","1849060","2661749","9253","515741","0","14609396"
"5","2020","Graciosa","4339","3277","0","317304","0","0","633320","95639","0","0","1046263"
"5","2020","São Jorge","8556","5896","0","1969702","0","0","215226","7400","0","0","2192328"
"5","2020","Pico","13883","9904","2834480","912","0","0","499798","551","0","0","3335741"
"5","2020","Faial","14824","8221","2962914","3500","0","0","457291","0","0","0","3423705"
"5","2020","Flores","3699","2468","0","399841","427241","0","22910","728","0","0","850720"
"5","2020","Corvo","459","282","0","136058","0","0","0","0","0","0","136058"
"4","2020","Santa Maria","5652","3887","0","1316485","0","0","206109","1416","0","0","1524010"
"4","2020","São Miguel","138213","64542","12762266","1726","2003836","15208848","1160103","37497","0","58832","31233108"
"4","2020","Terceira","56141","27756","7671010","23961","327301","1799980","2654708","8124","1334316","0","13819400"
"4","2020","Graciosa","4339","3277","0","337369","0","0","599430","90919","0","0","1027718"
"4","2020","São Jorge","8556","5889","0","1816537","0","0","259915","7414","0","0","2083866"
"4","2020","Pico","13883","9902","2655841","24","0","0","529042","493","0","0","3185400"
"4","2020","Faial","14824","8209","2799925","0","0","0","463965","0","0","0","3263890"
"4","2020","Flores","3699","2465","0","286123","505286","0","18374","376","0","0","810159"
"4","2020","Corvo","459","282","0","127349","0","0","0","0","0","0","127349"
"3","2020","Santa Maria","5652","3882","0","1391514","0","0","214835","1563","0","0","1607912"
"3","2020","São Miguel","138213","64534","15609402","2241","1953616","15836614","1237662","30240","0","72086","34741861"
"3","2020","Terceira","56141","27766","8982945","2445","136032","1907017","2677543","5868","1392354","0","15104204"
"3","2020","Graciosa","4339","3277","0","379270","0","0","632506","84133","0","0","1095909"
"3","2020","São Jorge","8556","5891","0","1946376","0","0","304535","6147","0","0","2257058"
"3","2020","Pico","13883","9895","2899507","72","0","0","618634","455","0","0","3518668"
"3","2020","Faial","14824","8214","2976702","1325","0","0","652095","0","0","0","3630122"
"3","2020","Flores","3699","2464","0","411905","422487","0","41166","723","0","0","876281"
"3","2020","Corvo","459","281","0","133010","0","0","0","0","0","0","133010"
"2","2020","Santa Maria","5652","3883","0","1348102","0","0","215937","962","0","0","1565001"
"2","2020","São Miguel","138213","64517","15912847","5494","2447346","14826324","987509","19135","0","53811","34252466"
"2","2020","Terceira","56141","27763","9367484","2862","469421","1860162","1897619","3658","1201373","0","14802579"
"2","2020","Graciosa","4339","3281","0","471092","0","0","524008","68761","0","0","1063861"
"2","2020","São Jorge","8556","5895","0","1951408","0","0","245385","4449","0","0","2201242"
"2","2020","Pico","13883","9903","2968057","544","0","0","478901","368","0","0","3447870"
"2","2020","Faial","14824","8206","3198723","4250","0","0","375337","0","0","0","3578310"
"2","2020","Flores","3699","2466","0","345381","453670","0","44801","361","0","0","844213"
"2","2020","Corvo","459","281","0","131183","0","0","0","0","0","0","131183"
"1","2020","Santa Maria","5652","3881","0","1491218","0","0","240425","449","0","0","1732092"
"1","2020","São Miguel","138213","64467","18083447","9193","2327720","15455567","1436730","11703","0","58709","37383069"
"1","2020","Terceira","56141","27737","9080296","22435","474948","1986554","3620716","2552","1042590","0","16230091"
"1","2020","Graciosa","4339","3275","0","403712","0","0","713019","46562","0","0","1163293"
"1","2020","São Jorge","8556","5889","0","1951342","0","0","421626","3102","0","0","2376070"
"1","2020","Pico","13883","9895","3020048","0","0","0","762497","246","0","0","3782791"
"1","2020","Faial","14824","8215","3312425","1625","0","0","586442","0","0","0","3900492"
"1","2020","Flores","3699","2468","0","345912","604479","0","160","170","0","0","950721"
"1","2020","Corvo","459","282","0","143727","0","0","0","0","0","0","143727"
"12","2019","Santa Maria","5652","3877","0","1356608","0","0","376196","540","0","0","1733344"
"12","2019","São Miguel","138213","64463","18559154","5166","1984729","14308347","2061746","10218","0","58001","36987361"
"12","2019","Terceira","56141","27739","9828497","9206","116183","2113782","3252352","2196","805723","0","16127939"
"12","2019","Graciosa","4339","3275","0","365270","0","0","750757","40013","0","0","1156040"
"12","2019","São Jorge","8556","5893","0","1965317","0","0","397309","1450","0","0","2364076"
"12","2019","Pico","13883","9893","3087014","200","0","0","657339","230","0","0","3744783"
"12","2019","Faial","14824","8219","3110990","0","0","0","736116","0","0","0","3847106"
"12","2019","Flores","3699","2471","0","301280","547958","0","69811","178","0","0","919227"
"12","2019","Corvo","459","283","0","142480","0","0","0","0","0","0","142480"
"11","2019","Santa Maria","5652","3872","0","1503459","0","0","150334","733","0","0","1654526"
"11","2019","São Miguel","138213","64436","21904154","2060","1707920","10091745","1574342","16522","0","60169","35356912"
"11","2019","Terceira","56141","27719","10313935","92044","86179","2426733","2180880","3054","0","0","15102825"
"11","2019","Graciosa","4339","3278","0","509813","0","0","535938","58377","0","0","1104128"
"11","2019","São Jorge","8556","5887","0","2083510","0","0","195589","2256","0","0","2281355"
"11","2019","Pico","13883","9897","3153618","0","0","0","377548","368","0","0","3531534"
"11","2019","Faial","14824","8222","3135912","3725","0","0","508326","0","0","0","3647963"
"11","2019","Flores","3699","2470","0","420456","364065","0","82124","228","0","0","866873"
"11","2019","Corvo","459","282","0","139668","0","0","0","0","0","0","139668"
"10","2019","Santa Maria","5652","3873","0","1518061","0","0","222289","999","0","0","1741349"
"10","2019","São Miguel","138213","64349","24010396","11182","1935906","10499685","1655563","19931","0","60006","38192669"
"10","2019","Terceira","56141","27699","10320106","41008","5010","2121863","3002944","2734","349095","0","15842760"
"10","2019","Graciosa","4339","3278","0","407306","0","0","638856","68995","0","0","1115157"
"10","2019","São Jorge","8556","5889","0","2044714","0","0","396808","2895","0","0","2444417"
"10","2019","Pico","13883","9888","3191188","1928","0","0","570558","349","0","0","3764023"
"10","2019","Faial","14824","8214","3216769","0","0","0","616245","0","0","0","3833014"
"10","2019","Flores","3699","2476","0","335392","498580","0","69583","29","0","0","903584"
"10","2019","Corvo","459","282","0","143481","0","0","0","0","0","0","143481"
"9","2019","Santa Maria","5652","3876","0","1623510","0","0","159496","1239","0","0","1784245"
"9","2019","São Miguel","138213","64311","20560128","5202","1888234","14595056","864711","26172","0","46483","37985986"
"9","2019","Terceira","56141","27676","10367533","21706","10507","1870341","2180547","5917","1229950","0","15686501"
"9","2019","Graciosa","4339","3280","0","595554","0","0","481554","82039","0","0","1159147"
"9","2019","São Jorge","8556","5890","0","2248306","0","0","220530","3749","0","0","2472585"
"9","2019","Pico","13883","9893","3545034","956","0","0","359538","478","0","0","3906006"
"9","2019","Faial","14824","8207","3602643","3575","0","0","340894","0","0","0","3947112"
"9","2019","Flores","3699","2481","0","581897","315795","0","65996","1","0","0","963689"
"9","2019","Corvo","459","283","0","139724","0","0","0","0","0","0","139724"
"8","2019","Santa Maria","5652","3872","0","1779140","0","0","176910","1472","0","0","1957522"
"8","2019","São Miguel","138213","64315","22561977","5487","2068613","15107658","579009","26077","0","50141","40398962"
"8","2019","Terceira","56141","27675","11459713","85725","78277","1909332","1790811","3462","1261032","0","16588352"
"8","2019","Graciosa","4339","3288","0","602730","0","0","535823","97758","0","0","1236311"
"8","2019","São Jorge","8556","5889","0","2481728","0","0","168179","4613","0","0","2654520"
"8","2019","Pico","13883","9888","3954449","0","0","0","317492","447","0","0","4272388"
"8","2019","Faial","14824","8205","3937330","3600","0","0","308251","0","0","0","4249181"
"8","2019","Flores","3699","2482","0","555207","414590","0","34694","343","0","0","1004834"
"8","2019","Corvo","459","283","0","140542","0","0","0","0","0","0","140542"
"7","2019","Santa Maria","5652","3865","0","1690422","0","0","123089","1728","0","0","1815239"
"7","2019","São Miguel","138213","64249","21240875","6848","1976224","15153725","917932","32909","0","105","39328618"
"7","2019","Terceira","56141","27660","11750065","55887","40449","1863887","1665852","4229","1258726","0","16639095"
"7","2019","Graciosa","4339","3279","0","861084","0","0","303743","50554","0","0","1215381"
"7","2019","São Jorge","8556","5882","0","2486803","0","0","151700","5092","0","0","2643595"
"7","2019","Pico","13883","9891","3788145","176","0","0","305537","547","0","0","4094405"
"7","2019","Faial","14824","8206","3687933","2600","0","0","438420","0","0","0","4128953"
"7","2019","Flores","3699","2487","0","750354","190365","0","44479","0","0","0","985198"
"7","2019","Corvo","459","283","0","141994","0","0","0","0","0","0","141994"
"6","2019","Santa Maria","5652","3868","0","1412179","0","0","185992","1522","0","0","1599693"
"6","2019","São Miguel","138213","64226","17077404","7810","2035292","14992750","1321036","28617","0","39","35462948"
"6","2019","Terceira","56141","27660","10227110","46362","14930","1628467","1705835","5039","1294839","0","14922582"
"6","2019","Graciosa","4339","3275","0","1045148","0","0","0","0","0","0","1045148"
"6","2019","São Jorge","8556","5885","0","2122014","0","0","211349","5300","0","0","2338663"
"6","2019","Pico","13883","9870","3228585","1024","0","0","346023","496","0","0","3576128"
"6","2019","Faial","14824","8188","3071337","1850","0","0","529827","0","0","0","3603014"
"6","2019","Flores","3699","2474","0","472835","364668","0","45723","0","0","0","883226"
"6","2019","Corvo","459","282","0","129659","0","0","0","0","0","0","129659"
"5","2019","Santa Maria","5652","3870","0","1407896","0","0","191694","1634","0","0","1601224"
"5","2019","São Miguel","138213","64179","19670246","2370","1627137","14302839","794798","31614","0","21194","36450198"
"5","2019","Terceira","56141","27615","9187213","52675","72151","1986042","2749052","5579","1333776","0","15386488"
"5","2019","Graciosa","4339","3270","0","1098976","0","0","0","0","0","0","1098976"
"5","2019","São Jorge","8556","5884","0","1928806","0","0","390312","5695","0","0","2324813"
"5","2019","Pico","13883","9849","2973064","164","0","0","649485","532","0","0","3623245"
"5","2019","Faial","14824","8175","3084289","5300","0","0","615194","0","0","0","3704783"
"5","2019","Flores","3699","2476","0","320551","518432","0","68731","0","0","0","907714"
"5","2019","Corvo","459","280","0","129840","0","0","0","0","0","0","129840"
"4","2019","Santa Maria","5652","3864","0","1153227","0","0","378358","1358","0","0","1532943"
"4","2019","São Miguel","138213","64083","16419600","11528","2040285","14232150","1856752","25104","0","51075","34636494"
"4","2019","Terceira","56141","27575","8852274","5905","112956","1992525","3299773","4308","569874","0","14837615"
"4","2019","Graciosa","4339","3267","0","1039902","0","0","0","0","0","0","1039902"
"4","2019","São Jorge","8556","5880","0","1815679","0","0","375345","5061","0","0","2196085"
"4","2019","Pico","13883","9827","2852110","168","0","0","635707","491","0","0","3488476"
"4","2019","Faial","14824","8154","2815101","1875","0","0","721610","0","0","0","3538586"
"4","2019","Flores","3699","2472","0","344851","430346","0","94320","153","0","0","869670"
"4","2019","Corvo","459","281","0","122007","0","0","0","0","0","0","122007"
"3","2019","Santa Maria","5652","3858","0","1375593","0","0","238869","1264","0","0","1615726"
"3","2019","São Miguel","138213","64003","16257958","9654","2194604","15990376","969838","22367","0","52687","35497484"
"3","2019","Terceira","56141","27546","9836746","1152","52966","2091399","2251190","3858","1225620","0","15462931"
"3","2019","Graciosa","4339","3268","0","1089231","0","0","0","0","0","0","1089231"
"3","2019","São Jorge","8556","5881","0","2061396","0","0","215658","4612","0","0","2281666"
"3","2019","Pico","13883","9835","3201750","0","0","0","426223","470","0","0","3628443"
"3","2019","Faial","14824","8137","3151234","0","3713","0","537192","0","0","0","3692139"
"3","2019","Flores","3699","2468","0","300807","565455","0","58653","274","0","0","925189"
"3","2019","Corvo","459","284","0","134211","0","0","0","0","0","0","134211"
